[
{
    "model": "articles.comment",
    "pk": 1,
    "fields": {
        "article": 1,
        "user": 3,
        "content": "Increase end light off couple.",
        "created_at": "2022-04-21T12:32:10.912Z",
        "updated_at": "2022-04-21T12:32:10.912Z"
    }
},
{
    "model": "articles.comment",
    "pk": 2,
    "fields": {
        "article": 1,
        "user": 3,
        "content": "Read require create size leg.",
        "created_at": "2022-04-21T12:32:10.919Z",
        "updated_at": "2022-04-21T12:32:10.919Z"
    }
},
{
    "model": "articles.comment",
    "pk": 3,
    "fields": {
        "article": 1,
        "user": 1,
        "content": "East American other.",
        "created_at": "2022-04-21T12:32:10.925Z",
        "updated_at": "2022-04-21T12:32:10.925Z"
    }
},
{
    "model": "articles.comment",
    "pk": 4,
    "fields": {
        "article": 1,
        "user": 1,
        "content": "Inside magazine after right language team among outside.",
        "created_at": "2022-04-21T12:32:10.932Z",
        "updated_at": "2022-04-21T12:32:10.932Z"
    }
},
{
    "model": "articles.comment",
    "pk": 5,
    "fields": {
        "article": 1,
        "user": 2,
        "content": "Outside significant door science miss.",
        "created_at": "2022-04-21T12:32:10.938Z",
        "updated_at": "2022-04-21T12:32:10.938Z"
    }
},
{
    "model": "articles.comment",
    "pk": 6,
    "fields": {
        "article": 1,
        "user": 5,
        "content": "Guy fire argue determine stay up not.",
        "created_at": "2022-04-21T12:32:10.945Z",
        "updated_at": "2022-04-21T12:32:10.945Z"
    }
},
{
    "model": "articles.comment",
    "pk": 7,
    "fields": {
        "article": 1,
        "user": 1,
        "content": "Base full air fund family.",
        "created_at": "2022-04-21T12:32:10.951Z",
        "updated_at": "2022-04-21T12:32:10.951Z"
    }
},
{
    "model": "articles.comment",
    "pk": 8,
    "fields": {
        "article": 1,
        "user": 3,
        "content": "Mother foreign its red main add.",
        "created_at": "2022-04-21T12:32:10.958Z",
        "updated_at": "2022-04-21T12:32:10.958Z"
    }
},
{
    "model": "articles.comment",
    "pk": 9,
    "fields": {
        "article": 1,
        "user": 2,
        "content": "History agency order he when two.",
        "created_at": "2022-04-21T12:32:10.964Z",
        "updated_at": "2022-04-21T12:32:10.964Z"
    }
},
{
    "model": "articles.comment",
    "pk": 10,
    "fields": {
        "article": 1,
        "user": 4,
        "content": "Project ever what drive.",
        "created_at": "2022-04-21T12:32:10.971Z",
        "updated_at": "2022-04-21T12:32:10.971Z"
    }
},
{
    "model": "articles.comment",
    "pk": 11,
    "fields": {
        "article": 2,
        "user": 2,
        "content": "White he they deal senior human history.",
        "created_at": "2022-04-21T12:32:10.984Z",
        "updated_at": "2022-04-21T12:32:10.984Z"
    }
},
{
    "model": "articles.comment",
    "pk": 12,
    "fields": {
        "article": 2,
        "user": 4,
        "content": "Style protect authority player.",
        "created_at": "2022-04-21T12:32:10.990Z",
        "updated_at": "2022-04-21T12:32:10.990Z"
    }
},
{
    "model": "articles.comment",
    "pk": 13,
    "fields": {
        "article": 2,
        "user": 5,
        "content": "Family only indeed smile.",
        "created_at": "2022-04-21T12:32:10.996Z",
        "updated_at": "2022-04-21T12:32:10.996Z"
    }
},
{
    "model": "articles.comment",
    "pk": 14,
    "fields": {
        "article": 2,
        "user": 3,
        "content": "Free until station candidate.",
        "created_at": "2022-04-21T12:32:11.003Z",
        "updated_at": "2022-04-21T12:32:11.003Z"
    }
},
{
    "model": "articles.comment",
    "pk": 15,
    "fields": {
        "article": 2,
        "user": 3,
        "content": "Information figure vote force before.",
        "created_at": "2022-04-21T12:32:11.009Z",
        "updated_at": "2022-04-21T12:32:11.009Z"
    }
},
{
    "model": "articles.comment",
    "pk": 16,
    "fields": {
        "article": 2,
        "user": 1,
        "content": "Top employee marriage compare number wrong.",
        "created_at": "2022-04-21T12:32:11.016Z",
        "updated_at": "2022-04-21T12:32:11.016Z"
    }
},
{
    "model": "articles.comment",
    "pk": 17,
    "fields": {
        "article": 2,
        "user": 1,
        "content": "Three pass read oil here moment community.",
        "created_at": "2022-04-21T12:32:11.022Z",
        "updated_at": "2022-04-21T12:32:11.022Z"
    }
},
{
    "model": "articles.comment",
    "pk": 18,
    "fields": {
        "article": 2,
        "user": 1,
        "content": "Ahead dream hair create.",
        "created_at": "2022-04-21T12:32:11.029Z",
        "updated_at": "2022-04-21T12:32:11.029Z"
    }
},
{
    "model": "articles.comment",
    "pk": 19,
    "fields": {
        "article": 2,
        "user": 1,
        "content": "Fill and fact election.",
        "created_at": "2022-04-21T12:32:11.035Z",
        "updated_at": "2022-04-21T12:32:11.035Z"
    }
},
{
    "model": "articles.comment",
    "pk": 20,
    "fields": {
        "article": 2,
        "user": 1,
        "content": "Treat parent husband letter center only.",
        "created_at": "2022-04-21T12:32:11.043Z",
        "updated_at": "2022-04-21T12:32:11.043Z"
    }
},
{
    "model": "articles.comment",
    "pk": 21,
    "fields": {
        "article": 3,
        "user": 3,
        "content": "Behind run computer onto police religious cause would.",
        "created_at": "2022-04-21T12:32:11.057Z",
        "updated_at": "2022-04-21T12:32:11.057Z"
    }
},
{
    "model": "articles.comment",
    "pk": 22,
    "fields": {
        "article": 3,
        "user": 5,
        "content": "Station color mean second.",
        "created_at": "2022-04-21T12:32:11.063Z",
        "updated_at": "2022-04-21T12:32:11.063Z"
    }
},
{
    "model": "articles.comment",
    "pk": 23,
    "fields": {
        "article": 3,
        "user": 5,
        "content": "Amount rock at treat while last.",
        "created_at": "2022-04-21T12:32:11.070Z",
        "updated_at": "2022-04-21T12:32:11.070Z"
    }
},
{
    "model": "articles.comment",
    "pk": 24,
    "fields": {
        "article": 3,
        "user": 2,
        "content": "Majority evening reach common lawyer.",
        "created_at": "2022-04-21T12:32:11.076Z",
        "updated_at": "2022-04-21T12:32:11.076Z"
    }
},
{
    "model": "articles.comment",
    "pk": 25,
    "fields": {
        "article": 3,
        "user": 2,
        "content": "Source nor themselves sort.",
        "created_at": "2022-04-21T12:32:11.083Z",
        "updated_at": "2022-04-21T12:32:11.083Z"
    }
},
{
    "model": "articles.comment",
    "pk": 26,
    "fields": {
        "article": 3,
        "user": 4,
        "content": "Trip do stay bad.",
        "created_at": "2022-04-21T12:32:11.089Z",
        "updated_at": "2022-04-21T12:32:11.089Z"
    }
},
{
    "model": "articles.comment",
    "pk": 27,
    "fields": {
        "article": 3,
        "user": 2,
        "content": "Southern still traditional debate.",
        "created_at": "2022-04-21T12:32:11.096Z",
        "updated_at": "2022-04-21T12:32:11.096Z"
    }
},
{
    "model": "articles.comment",
    "pk": 28,
    "fields": {
        "article": 3,
        "user": 1,
        "content": "Recent significant good ago issue.",
        "created_at": "2022-04-21T12:32:11.102Z",
        "updated_at": "2022-04-21T12:32:11.102Z"
    }
},
{
    "model": "articles.comment",
    "pk": 29,
    "fields": {
        "article": 3,
        "user": 1,
        "content": "Better other full beautiful mention head thus.",
        "created_at": "2022-04-21T12:32:11.109Z",
        "updated_at": "2022-04-21T12:32:11.109Z"
    }
},
{
    "model": "articles.comment",
    "pk": 30,
    "fields": {
        "article": 3,
        "user": 4,
        "content": "Quickly much item decision yet value.",
        "created_at": "2022-04-21T12:32:11.115Z",
        "updated_at": "2022-04-21T12:32:11.115Z"
    }
},
{
    "model": "articles.comment",
    "pk": 31,
    "fields": {
        "article": 4,
        "user": 3,
        "content": "Protect child building improve bit information.",
        "created_at": "2022-04-21T12:32:11.129Z",
        "updated_at": "2022-04-21T12:32:11.129Z"
    }
},
{
    "model": "articles.comment",
    "pk": 32,
    "fields": {
        "article": 4,
        "user": 5,
        "content": "Student building spend street today boy single reveal.",
        "created_at": "2022-04-21T12:32:11.135Z",
        "updated_at": "2022-04-21T12:32:11.135Z"
    }
},
{
    "model": "articles.comment",
    "pk": 33,
    "fields": {
        "article": 4,
        "user": 1,
        "content": "Radio sometimes interesting great myself analysis team.",
        "created_at": "2022-04-21T12:32:11.142Z",
        "updated_at": "2022-04-21T12:32:11.142Z"
    }
},
{
    "model": "articles.comment",
    "pk": 34,
    "fields": {
        "article": 4,
        "user": 1,
        "content": "Everybody agree dream stand.",
        "created_at": "2022-04-21T12:32:11.149Z",
        "updated_at": "2022-04-21T12:32:11.149Z"
    }
},
{
    "model": "articles.comment",
    "pk": 35,
    "fields": {
        "article": 4,
        "user": 2,
        "content": "Support side full recent religious hard.",
        "created_at": "2022-04-21T12:32:11.156Z",
        "updated_at": "2022-04-21T12:32:11.156Z"
    }
},
{
    "model": "articles.comment",
    "pk": 36,
    "fields": {
        "article": 4,
        "user": 3,
        "content": "Current budget everyone idea pass provide.",
        "created_at": "2022-04-21T12:32:11.162Z",
        "updated_at": "2022-04-21T12:32:11.162Z"
    }
},
{
    "model": "articles.comment",
    "pk": 37,
    "fields": {
        "article": 4,
        "user": 5,
        "content": "Smile media floor beautiful keep low actually.",
        "created_at": "2022-04-21T12:32:11.169Z",
        "updated_at": "2022-04-21T12:32:11.169Z"
    }
},
{
    "model": "articles.comment",
    "pk": 38,
    "fields": {
        "article": 4,
        "user": 2,
        "content": "College top cost try likely PM and.",
        "created_at": "2022-04-21T12:32:11.175Z",
        "updated_at": "2022-04-21T12:32:11.175Z"
    }
},
{
    "model": "articles.comment",
    "pk": 39,
    "fields": {
        "article": 4,
        "user": 1,
        "content": "Gun memory factor cold.",
        "created_at": "2022-04-21T12:32:11.182Z",
        "updated_at": "2022-04-21T12:32:11.182Z"
    }
},
{
    "model": "articles.comment",
    "pk": 40,
    "fields": {
        "article": 4,
        "user": 4,
        "content": "Though population area.",
        "created_at": "2022-04-21T12:32:11.188Z",
        "updated_at": "2022-04-21T12:32:11.188Z"
    }
},
{
    "model": "articles.comment",
    "pk": 41,
    "fields": {
        "article": 5,
        "user": 4,
        "content": "Reflect throughout term window operation central.",
        "created_at": "2022-04-21T12:32:11.201Z",
        "updated_at": "2022-04-21T12:32:11.201Z"
    }
},
{
    "model": "articles.comment",
    "pk": 42,
    "fields": {
        "article": 5,
        "user": 5,
        "content": "Shake piece practice painting kitchen.",
        "created_at": "2022-04-21T12:32:11.208Z",
        "updated_at": "2022-04-21T12:32:11.208Z"
    }
},
{
    "model": "articles.comment",
    "pk": 43,
    "fields": {
        "article": 5,
        "user": 5,
        "content": "Expect while its color.",
        "created_at": "2022-04-21T12:32:11.215Z",
        "updated_at": "2022-04-21T12:32:11.215Z"
    }
},
{
    "model": "articles.comment",
    "pk": 44,
    "fields": {
        "article": 5,
        "user": 3,
        "content": "Alone no number form picture establish.",
        "created_at": "2022-04-21T12:32:11.222Z",
        "updated_at": "2022-04-21T12:32:11.222Z"
    }
},
{
    "model": "articles.comment",
    "pk": 45,
    "fields": {
        "article": 5,
        "user": 3,
        "content": "Position become road international short rather experience.",
        "created_at": "2022-04-21T12:32:11.228Z",
        "updated_at": "2022-04-21T12:32:11.228Z"
    }
},
{
    "model": "articles.comment",
    "pk": 46,
    "fields": {
        "article": 5,
        "user": 1,
        "content": "Plant leave onto practice thing little lose heart.",
        "created_at": "2022-04-21T12:32:11.235Z",
        "updated_at": "2022-04-21T12:32:11.235Z"
    }
},
{
    "model": "articles.comment",
    "pk": 47,
    "fields": {
        "article": 5,
        "user": 1,
        "content": "Practice various instead kid push individual according property.",
        "created_at": "2022-04-21T12:32:11.241Z",
        "updated_at": "2022-04-21T12:32:11.241Z"
    }
},
{
    "model": "articles.comment",
    "pk": 48,
    "fields": {
        "article": 5,
        "user": 2,
        "content": "Design decade kitchen south difference identify spend.",
        "created_at": "2022-04-21T12:32:11.248Z",
        "updated_at": "2022-04-21T12:32:11.248Z"
    }
},
{
    "model": "articles.comment",
    "pk": 49,
    "fields": {
        "article": 5,
        "user": 1,
        "content": "Lead political next camera.",
        "created_at": "2022-04-21T12:32:11.254Z",
        "updated_at": "2022-04-21T12:32:11.254Z"
    }
},
{
    "model": "articles.comment",
    "pk": 50,
    "fields": {
        "article": 5,
        "user": 4,
        "content": "Expect travel red company sort although song music.",
        "created_at": "2022-04-21T12:32:11.261Z",
        "updated_at": "2022-04-21T12:32:11.261Z"
    }
},
{
    "model": "articles.comment",
    "pk": 51,
    "fields": {
        "article": 6,
        "user": 2,
        "content": "Popular director tree.",
        "created_at": "2022-04-21T12:32:11.274Z",
        "updated_at": "2022-04-21T12:32:11.274Z"
    }
},
{
    "model": "articles.comment",
    "pk": 52,
    "fields": {
        "article": 6,
        "user": 3,
        "content": "Figure pattern stand wish size.",
        "created_at": "2022-04-21T12:32:11.280Z",
        "updated_at": "2022-04-21T12:32:11.280Z"
    }
},
{
    "model": "articles.comment",
    "pk": 53,
    "fields": {
        "article": 6,
        "user": 4,
        "content": "Of save full according subject future someone.",
        "created_at": "2022-04-21T12:32:11.287Z",
        "updated_at": "2022-04-21T12:32:11.287Z"
    }
},
{
    "model": "articles.comment",
    "pk": 54,
    "fields": {
        "article": 6,
        "user": 4,
        "content": "Certain too near compare politics.",
        "created_at": "2022-04-21T12:32:11.293Z",
        "updated_at": "2022-04-21T12:32:11.293Z"
    }
},
{
    "model": "articles.comment",
    "pk": 55,
    "fields": {
        "article": 6,
        "user": 1,
        "content": "Fall memory total light fill yourself.",
        "created_at": "2022-04-21T12:32:11.300Z",
        "updated_at": "2022-04-21T12:32:11.300Z"
    }
},
{
    "model": "articles.comment",
    "pk": 56,
    "fields": {
        "article": 6,
        "user": 3,
        "content": "Ago Republican type step expert suggest pressure task.",
        "created_at": "2022-04-21T12:32:11.306Z",
        "updated_at": "2022-04-21T12:32:11.306Z"
    }
},
{
    "model": "articles.comment",
    "pk": 57,
    "fields": {
        "article": 6,
        "user": 5,
        "content": "Two force administration hour up little.",
        "created_at": "2022-04-21T12:32:11.313Z",
        "updated_at": "2022-04-21T12:32:11.313Z"
    }
},
{
    "model": "articles.comment",
    "pk": 58,
    "fields": {
        "article": 6,
        "user": 4,
        "content": "Back word trip create always.",
        "created_at": "2022-04-21T12:32:11.319Z",
        "updated_at": "2022-04-21T12:32:11.319Z"
    }
},
{
    "model": "articles.comment",
    "pk": 59,
    "fields": {
        "article": 6,
        "user": 2,
        "content": "Them nature list arm fast use big some.",
        "created_at": "2022-04-21T12:32:11.325Z",
        "updated_at": "2022-04-21T12:32:11.325Z"
    }
},
{
    "model": "articles.comment",
    "pk": 60,
    "fields": {
        "article": 6,
        "user": 5,
        "content": "Up group somebody professor.",
        "created_at": "2022-04-21T12:32:11.332Z",
        "updated_at": "2022-04-21T12:32:11.332Z"
    }
},
{
    "model": "articles.comment",
    "pk": 61,
    "fields": {
        "article": 7,
        "user": 1,
        "content": "Major human thus back spring later.",
        "created_at": "2022-04-21T12:32:11.345Z",
        "updated_at": "2022-04-21T12:32:11.345Z"
    }
},
{
    "model": "articles.comment",
    "pk": 62,
    "fields": {
        "article": 7,
        "user": 3,
        "content": "Find art however control.",
        "created_at": "2022-04-21T12:32:11.351Z",
        "updated_at": "2022-04-21T12:32:11.351Z"
    }
},
{
    "model": "articles.comment",
    "pk": 63,
    "fields": {
        "article": 7,
        "user": 1,
        "content": "Gas relate true floor consider blood.",
        "created_at": "2022-04-21T12:32:11.358Z",
        "updated_at": "2022-04-21T12:32:11.358Z"
    }
},
{
    "model": "articles.comment",
    "pk": 64,
    "fields": {
        "article": 7,
        "user": 5,
        "content": "It base coach knowledge.",
        "created_at": "2022-04-21T12:32:11.364Z",
        "updated_at": "2022-04-21T12:32:11.364Z"
    }
},
{
    "model": "articles.comment",
    "pk": 65,
    "fields": {
        "article": 7,
        "user": 5,
        "content": "Citizen forward theory series ok choose establish.",
        "created_at": "2022-04-21T12:32:11.371Z",
        "updated_at": "2022-04-21T12:32:11.371Z"
    }
},
{
    "model": "articles.comment",
    "pk": 66,
    "fields": {
        "article": 7,
        "user": 4,
        "content": "American win consumer glass about.",
        "created_at": "2022-04-21T12:32:11.377Z",
        "updated_at": "2022-04-21T12:32:11.377Z"
    }
},
{
    "model": "articles.comment",
    "pk": 67,
    "fields": {
        "article": 7,
        "user": 5,
        "content": "Condition lay week run themselves positive large seat.",
        "created_at": "2022-04-21T12:32:11.384Z",
        "updated_at": "2022-04-21T12:32:11.384Z"
    }
},
{
    "model": "articles.comment",
    "pk": 68,
    "fields": {
        "article": 7,
        "user": 5,
        "content": "Pass yard might college whose.",
        "created_at": "2022-04-21T12:32:11.390Z",
        "updated_at": "2022-04-21T12:32:11.390Z"
    }
},
{
    "model": "articles.comment",
    "pk": 69,
    "fields": {
        "article": 7,
        "user": 1,
        "content": "And on hold good smile base recently.",
        "created_at": "2022-04-21T12:32:11.397Z",
        "updated_at": "2022-04-21T12:32:11.397Z"
    }
},
{
    "model": "articles.comment",
    "pk": 70,
    "fields": {
        "article": 7,
        "user": 3,
        "content": "Company rest here theory put cup different behavior.",
        "created_at": "2022-04-21T12:32:11.403Z",
        "updated_at": "2022-04-21T12:32:11.403Z"
    }
},
{
    "model": "articles.comment",
    "pk": 71,
    "fields": {
        "article": 8,
        "user": 1,
        "content": "Meet guy tend collection.",
        "created_at": "2022-04-21T12:32:11.417Z",
        "updated_at": "2022-04-21T12:32:11.417Z"
    }
},
{
    "model": "articles.comment",
    "pk": 72,
    "fields": {
        "article": 8,
        "user": 2,
        "content": "Probably much yeah later movement eye spend.",
        "created_at": "2022-04-21T12:32:11.424Z",
        "updated_at": "2022-04-21T12:32:11.424Z"
    }
},
{
    "model": "articles.comment",
    "pk": 73,
    "fields": {
        "article": 8,
        "user": 3,
        "content": "Economy ahead seat door.",
        "created_at": "2022-04-21T12:32:11.430Z",
        "updated_at": "2022-04-21T12:32:11.430Z"
    }
},
{
    "model": "articles.comment",
    "pk": 74,
    "fields": {
        "article": 8,
        "user": 3,
        "content": "Call learn make edge wait.",
        "created_at": "2022-04-21T12:32:11.437Z",
        "updated_at": "2022-04-21T12:32:11.437Z"
    }
},
{
    "model": "articles.comment",
    "pk": 75,
    "fields": {
        "article": 8,
        "user": 3,
        "content": "Difference low together spring.",
        "created_at": "2022-04-21T12:32:11.443Z",
        "updated_at": "2022-04-21T12:32:11.443Z"
    }
},
{
    "model": "articles.comment",
    "pk": 76,
    "fields": {
        "article": 8,
        "user": 3,
        "content": "Glass scene born candidate.",
        "created_at": "2022-04-21T12:32:11.450Z",
        "updated_at": "2022-04-21T12:32:11.450Z"
    }
},
{
    "model": "articles.comment",
    "pk": 77,
    "fields": {
        "article": 8,
        "user": 5,
        "content": "Enough black safe system reality area reality.",
        "created_at": "2022-04-21T12:32:11.456Z",
        "updated_at": "2022-04-21T12:32:11.456Z"
    }
},
{
    "model": "articles.comment",
    "pk": 78,
    "fields": {
        "article": 8,
        "user": 3,
        "content": "Sound rock article often.",
        "created_at": "2022-04-21T12:32:11.462Z",
        "updated_at": "2022-04-21T12:32:11.462Z"
    }
},
{
    "model": "articles.comment",
    "pk": 79,
    "fields": {
        "article": 8,
        "user": 2,
        "content": "Stay answer hospital body.",
        "created_at": "2022-04-21T12:32:11.469Z",
        "updated_at": "2022-04-21T12:32:11.469Z"
    }
},
{
    "model": "articles.comment",
    "pk": 80,
    "fields": {
        "article": 8,
        "user": 4,
        "content": "Century wonder movement issue in visit history.",
        "created_at": "2022-04-21T12:32:11.475Z",
        "updated_at": "2022-04-21T12:32:11.475Z"
    }
},
{
    "model": "articles.comment",
    "pk": 81,
    "fields": {
        "article": 9,
        "user": 5,
        "content": "My edge image sure.",
        "created_at": "2022-04-21T12:32:11.488Z",
        "updated_at": "2022-04-21T12:32:11.488Z"
    }
},
{
    "model": "articles.comment",
    "pk": 82,
    "fields": {
        "article": 9,
        "user": 5,
        "content": "Go story must strategy move without.",
        "created_at": "2022-04-21T12:32:11.495Z",
        "updated_at": "2022-04-21T12:32:11.495Z"
    }
},
{
    "model": "articles.comment",
    "pk": 83,
    "fields": {
        "article": 9,
        "user": 5,
        "content": "Could begin his.",
        "created_at": "2022-04-21T12:32:11.501Z",
        "updated_at": "2022-04-21T12:32:11.501Z"
    }
},
{
    "model": "articles.comment",
    "pk": 84,
    "fields": {
        "article": 9,
        "user": 1,
        "content": "Color position action way.",
        "created_at": "2022-04-21T12:32:11.508Z",
        "updated_at": "2022-04-21T12:32:11.508Z"
    }
},
{
    "model": "articles.comment",
    "pk": 85,
    "fields": {
        "article": 9,
        "user": 5,
        "content": "Both first film ok.",
        "created_at": "2022-04-21T12:32:11.514Z",
        "updated_at": "2022-04-21T12:32:11.514Z"
    }
},
{
    "model": "articles.comment",
    "pk": 86,
    "fields": {
        "article": 9,
        "user": 4,
        "content": "Moment hold turn focus.",
        "created_at": "2022-04-21T12:32:11.521Z",
        "updated_at": "2022-04-21T12:32:11.521Z"
    }
},
{
    "model": "articles.comment",
    "pk": 87,
    "fields": {
        "article": 9,
        "user": 3,
        "content": "Design exactly space president.",
        "created_at": "2022-04-21T12:32:11.527Z",
        "updated_at": "2022-04-21T12:32:11.527Z"
    }
},
{
    "model": "articles.comment",
    "pk": 88,
    "fields": {
        "article": 9,
        "user": 4,
        "content": "Fight floor beat list.",
        "created_at": "2022-04-21T12:32:11.533Z",
        "updated_at": "2022-04-21T12:32:11.533Z"
    }
},
{
    "model": "articles.comment",
    "pk": 89,
    "fields": {
        "article": 9,
        "user": 3,
        "content": "Choice analysis like fire.",
        "created_at": "2022-04-21T12:32:11.540Z",
        "updated_at": "2022-04-21T12:32:11.540Z"
    }
},
{
    "model": "articles.comment",
    "pk": 90,
    "fields": {
        "article": 9,
        "user": 4,
        "content": "Small expect thing land.",
        "created_at": "2022-04-21T12:32:11.547Z",
        "updated_at": "2022-04-21T12:32:11.547Z"
    }
},
{
    "model": "articles.comment",
    "pk": 91,
    "fields": {
        "article": 10,
        "user": 1,
        "content": "Establish join there listen live parent discussion.",
        "created_at": "2022-04-21T12:32:11.559Z",
        "updated_at": "2022-04-21T12:32:11.559Z"
    }
},
{
    "model": "articles.comment",
    "pk": 92,
    "fields": {
        "article": 10,
        "user": 4,
        "content": "Write stock pass employee your.",
        "created_at": "2022-04-21T12:32:11.566Z",
        "updated_at": "2022-04-21T12:32:11.566Z"
    }
},
{
    "model": "articles.comment",
    "pk": 93,
    "fields": {
        "article": 10,
        "user": 1,
        "content": "Arm doctor great statement but attorney way course.",
        "created_at": "2022-04-21T12:32:11.573Z",
        "updated_at": "2022-04-21T12:32:11.573Z"
    }
},
{
    "model": "articles.comment",
    "pk": 94,
    "fields": {
        "article": 10,
        "user": 1,
        "content": "Grow someone with policy writer car tough.",
        "created_at": "2022-04-21T12:32:11.578Z",
        "updated_at": "2022-04-21T12:32:11.578Z"
    }
},
{
    "model": "articles.comment",
    "pk": 95,
    "fields": {
        "article": 10,
        "user": 2,
        "content": "Practice market describe debate.",
        "created_at": "2022-04-21T12:32:11.585Z",
        "updated_at": "2022-04-21T12:32:11.585Z"
    }
},
{
    "model": "articles.comment",
    "pk": 96,
    "fields": {
        "article": 10,
        "user": 1,
        "content": "Whose quickly offer number need interesting.",
        "created_at": "2022-04-21T12:32:11.592Z",
        "updated_at": "2022-04-21T12:32:11.592Z"
    }
},
{
    "model": "articles.comment",
    "pk": 97,
    "fields": {
        "article": 10,
        "user": 4,
        "content": "Fast me once do yeah city shoulder.",
        "created_at": "2022-04-21T12:32:11.599Z",
        "updated_at": "2022-04-21T12:32:11.599Z"
    }
},
{
    "model": "articles.comment",
    "pk": 98,
    "fields": {
        "article": 10,
        "user": 5,
        "content": "Any to public moment two.",
        "created_at": "2022-04-21T12:32:11.605Z",
        "updated_at": "2022-04-21T12:32:11.605Z"
    }
},
{
    "model": "articles.comment",
    "pk": 99,
    "fields": {
        "article": 10,
        "user": 2,
        "content": "That open policy board example cell.",
        "created_at": "2022-04-21T12:32:11.611Z",
        "updated_at": "2022-04-21T12:32:11.611Z"
    }
},
{
    "model": "articles.comment",
    "pk": 100,
    "fields": {
        "article": 10,
        "user": 1,
        "content": "Republican front office.",
        "created_at": "2022-04-21T12:32:11.618Z",
        "updated_at": "2022-04-21T12:32:11.618Z"
    }
}
]
