[
{
    "model": "accounts.user",
    "pk": 1,
    "fields": {
        "password": "pbkdf2_sha256$260000$nz4TF4LZeUidgMr9gc4A4S$6MsQB3OyRn7N+BYoTe5uaMl+5iXVCG2M4tbuTrX4VFo=",
        "last_login": null,
        "is_superuser": false,
        "username": "marshallpatricia",
        "first_name": "",
        "last_name": "",
        "email": "nbutler@example.net",
        "is_staff": false,
        "is_active": true,
        "date_joined": "2022-04-21T12:32:10.558Z",
        "groups": [],
        "user_permissions": []
    }
},
{
    "model": "accounts.user",
    "pk": 2,
    "fields": {
        "password": "pbkdf2_sha256$260000$b7qZ3JXunOxzFBwa7JvyoA$vg5JFfRUZZstbt8z9+qEiUDw7qjczI2L3Wq8B7svNrI=",
        "last_login": null,
        "is_superuser": false,
        "username": "margaret13",
        "first_name": "",
        "last_name": "",
        "email": "dsullivan@example.net",
        "is_staff": false,
        "is_active": true,
        "date_joined": "2022-04-21T12:32:10.629Z",
        "groups": [],
        "user_permissions": []
    }
},
{
    "model": "accounts.user",
    "pk": 3,
    "fields": {
        "password": "pbkdf2_sha256$260000$FrQKERfFpkFpg0UkOgGT8u$7U3O67j66thIR7OdxFy2SHRgk8HN3kFbn9/H+GE01hc=",
        "last_login": null,
        "is_superuser": false,
        "username": "johnreed",
        "first_name": "",
        "last_name": "",
        "email": "michael73@example.com",
        "is_staff": false,
        "is_active": true,
        "date_joined": "2022-04-21T12:32:10.698Z",
        "groups": [],
        "user_permissions": []
    }
},
{
    "model": "accounts.user",
    "pk": 4,
    "fields": {
        "password": "pbkdf2_sha256$260000$m4RYCdB3rqKtljciGfTZiQ$I5Ae4AipIHUantJuP2+qYSpOKdaX1H6vJeSty8umy0E=",
        "last_login": null,
        "is_superuser": false,
        "username": "jimmybean",
        "first_name": "",
        "last_name": "",
        "email": "taylordavis@example.net",
        "is_staff": false,
        "is_active": true,
        "date_joined": "2022-04-21T12:32:10.768Z",
        "groups": [],
        "user_permissions": []
    }
},
{
    "model": "accounts.user",
    "pk": 5,
    "fields": {
        "password": "pbkdf2_sha256$260000$6zw4UD8F5Gj4WMfTfc5N0k$MssYEHhgfxYKTMG8Lf6WdQiRa6NkEj5BUH7o13Q+zYc=",
        "last_login": null,
        "is_superuser": false,
        "username": "murphysusan",
        "first_name": "",
        "last_name": "",
        "email": "syork@example.com",
        "is_staff": false,
        "is_active": true,
        "date_joined": "2022-04-21T12:32:10.837Z",
        "groups": [],
        "user_permissions": []
    }
}
]
