[
{
    "model": "articles.article",
    "pk": 1,
    "fields": {
        "title": "title",
        "content": "content",
        "created_at": "2023-07-04T08:21:53.976Z",
        "updated_at": "2023-07-04T08:21:53.976Z"
    }
},
{
    "model": "articles.article",
    "pk": 2,
    "fields": {
        "title": "제목",
        "content": "내용",
        "created_at": "2023-07-04T12:59:07.671Z",
        "updated_at": "2023-07-04T12:59:07.671Z"
    }
},
{
    "model": "articles.article",
    "pk": 3,
    "fields": {
        "title": "제목",
        "content": "내용",
        "created_at": "2023-07-04T13:04:08.680Z",
        "updated_at": "2023-07-04T13:04:08.680Z"
    }
}
]
